,Nickname,URL
0,ontheway06.12,https://www.opendiary.com/m/author/ontheway06-12/
1,bubblegum,https://www.opendiary.com/m/author/bubblegum220/
2,Amanda Dawn Pack,https://www.opendiary.com/m/author/southernbelle1788/
3,abandoned,https://www.opendiary.com/m/author/abandonedagain/
4,HorseQueen,https://www.opendiary.com/m/author/reinehibbert/
5,Bear70,https://www.opendiary.com/m/author/bear70/
6,kermitallica,https://www.opendiary.com/m/author/kermitallica/
7,Oswego,https://www.opendiary.com/m/author/oswego/
8,Kandace,https://www.opendiary.com/m/author/dweezle666/
9,Eos,https://www.opendiary.com/m/author/eos-2/
10,sagittariusmoon,https://www.opendiary.com/members/sagittariusmoon/
11,Newt316,https://www.opendiary.com/members/newt316/
13,myownhero,https://www.opendiary.com/members/myownhero/
15,Behind the Mask,https://www.opendiary.com/members/shewontcry/
17,mousetrap,https://www.opendiary.com/members/mousetrap/
19,SilentThunder,https://www.opendiary.com/members/silentthunder/
20,nicknicolas,https://www.opendiary.com/members/nicknicolas/
21,tortured soul,https://www.opendiary.com/members/torturedsoul_1/
22,Morbid Mallory,https://www.opendiary.com/members/mnmchick2004/
23,ultravi0lento,https://www.opendiary.com/members/ultraviolento/
24,Speechless,https://www.opendiary.com/members/deesundoodle/
25,DaniellesGhost,https://www.opendiary.com/members/daniellesghost/
26,KammerjaegerSterillion,https://www.opendiary.com/members/kammerjaegersterillion/
27,jeweltonegothflamingo,https://www.opendiary.com/members/jeweltonegothflamingo/
29,kaleidoscope_eyes,https://www.opendiary.com/members/kaleidoscope-eyes/
30,Tycee,https://www.opendiary.com/members/tycee/
31,OhMylanta,https://www.opendiary.com/members/ohmylanta/
32,williamthebloody,https://www.opendiary.com/members/williamthebloody/
33,SadMeatCart,https://www.opendiary.com/members/sadmeatcart/
34,anotherblogger,https://www.opendiary.com/members/anotherblogger/
35,Serg_Everest,https://www.opendiary.com/members/serg/
36,VulnerableMe,https://www.opendiary.com/members/vulnerableme/
37,greenheap,https://www.opendiary.com/members/greenheap/
38,J8XMOM,https://www.opendiary.com/members/j8xmom/
39,thegirlwhoneverlived,https://www.opendiary.com/members/thegirlwhoneverlived/
41,_bex_,https://www.opendiary.com/members/bex-2/
42,Reborn Soldier,https://www.opendiary.com/members/rebornsoldier/
44,violetta82,https://www.opendiary.com/members/violetta82/
45,rabbit.hole,https://www.opendiary.com/members/rabbit-hole/
46,Soul Therapy,https://www.opendiary.com/members/oniongirl/
47,stardreams,https://www.opendiary.com/members/stardreams/
48,ERIJEWELRY,https://www.opendiary.com/members/hemcollective/
49,1day@atime,https://www.opendiary.com/members/1dayatime/
50,A,https://www.opendiary.com/members/faithfula/
51,Dianthus,https://www.opendiary.com/members/pandorajcp/
52,morelife81,https://www.opendiary.com/members/morelife81/
53,ihavenoarms,https://www.opendiary.com/members/ihavenoarms/
54,ryanne,https://www.opendiary.com/members/ryanne/
55,gcampbell,https://www.opendiary.com/members/gcampbell/
56,Circulo cromatico,https://www.opendiary.com/members/circulocromatico/
57,Peace,https://www.opendiary.com/members/ncumisa/
58,tarahahmad,https://www.opendiary.com/members/tarahahmad/
59,offmychest,https://www.opendiary.com/members/offmychest/
60,hellokittylover1,https://www.opendiary.com/members/hellokittylover1/
61,VisasForFuture,https://www.opendiary.com/members/visasforfuture/
62,bunny_duh,https://www.opendiary.com/members/bunnyduh/
63,Samantha Joe Hunter ,https://www.opendiary.com/members/mattinykanenlover/
64,smith3,https://www.opendiary.com/members/smith31/
65,UnboundMistress,https://www.opendiary.com/members/unboundmistress/
66,Unreale,https://www.opendiary.com/members/unreale/
67,thenorm,https://www.opendiary.com/members/thenorm/
68,Anaphylactic$hock,https://www.opendiary.com/members/elliedee72/
69,Emmanuel,https://www.opendiary.com/members/emmanuel/
70,mysocalledlife,https://www.opendiary.com/members/mysocalledlifeafter40/
71,zelluloza,https://www.opendiary.com/members/zelluloza/
72,GLX-O,https://www.opendiary.com/members/glx-o/
73,MistyMarie,https://www.opendiary.com/members/mistymarie/
74,Apexbloom,https://www.opendiary.com/members/apexbloom/
75,NoLimitations,https://www.opendiary.com/members/adifferentpersonthen/
76,unpaired_unattached_izzy,https://www.opendiary.com/members/unpaired-unattached-izzy/
77,mf1438,https://www.opendiary.com/members/mf1438/
78,sullen_girl,https://www.opendiary.com/members/sullengirl3/
79,lispring,https://www.opendiary.com/members/lispring/
80,Hope Climbs,https://www.opendiary.com/members/hopeclimbs/
81,st3ike ebikes,https://www.opendiary.com/members/st3ike/
82,Lorena,https://www.opendiary.com/members/lorena123/
83,virgil01,https://www.opendiary.com/members/virgil01/
84,justamom,https://www.opendiary.com/members/wineandcoffee/
85,WolfyBathory,https://www.opendiary.com/members/wolfybathory/
86,Adri1986,https://www.opendiary.com/members/mexiadri20/
88,tadzoz,https://www.opendiary.com/members/tadzoz/
89,chipchocolate,https://www.opendiary.com/members/chipchocolate/
90,Raphael Tiriel,https://www.opendiary.com/members/raphaeltiriel/
91,bestlovesgifts,https://www.opendiary.com/members/bestlovesgifts/
92,JustAng,https://www.opendiary.com/members/justang/
93,anv,https://www.opendiary.com/members/anvx/
94,mark_as_unread,https://www.opendiary.com/members/markpatrick/
95,HiddenSmiles,https://www.opendiary.com/members/shylyhiddensmiles/
96,ImLaziiii,https://www.opendiary.com/members/imlaziiii/
97,angelgrl87,https://www.opendiary.com/members/angelgrl87/
98,kiki891108,https://www.opendiary.com/members/kiki891108/
99,border,https://www.opendiary.com/members/border/
100,Lerituk,https://www.opendiary.com/members/lerituk/
101,xuemu,https://www.opendiary.com/members/xuemu/
102,The Girl With The Big Voice,https://www.opendiary.com/members/akenn965/
103,ydtxhamnoz,https://www.opendiary.com/members/ydtxhamnoz/
104,LilBlondieXX,https://www.opendiary.com/members/lilblondiexx/
105,natahd,https://www.opendiary.com/members/natahd/
106,RebelWithoutACause,https://www.opendiary.com/members/theonethatgotawayy/
107,sweet~n~simple,https://www.opendiary.com/members/sweet-n-simple/
108,loops,https://www.opendiary.com/members/loops/
109,gracieloo,https://www.opendiary.com/members/gracieloo/
110,Mr. Handyman of East and West Charlotte to Gastonia,https://www.opendiary.com/members/charlottehandyman/
111,ERIJEWELRY,https://www.opendiary.com/members/erijewelry/
112,Hopeless Romantic Bitch,https://www.opendiary.com/members/feisty_biotch/
113,Zee,https://www.opendiary.com/members/zeezee14/
114,karenina,https://www.opendiary.com/members/karenina33/
115,momornot,https://www.opendiary.com/members/momornot/
116,RB398,https://www.opendiary.com/members/rb398/
117,Esoterika,https://www.opendiary.com/members/esoterika/
118,QueIt,https://www.opendiary.com/members/queit/
119,StrongerLinett,https://www.opendiary.com/members/strongerlinett/
120,veiledinshadow,https://www.opendiary.com/members/veiledinshadow/
121,Dario_Western,https://www.opendiary.com/members/dario_western/
122,Peter_24601,https://www.opendiary.com/members/peter_24601/
123,Still SasCie,https://www.opendiary.com/members/stillsascie/
124,Tis_I,https://www.opendiary.com/members/tis-i/
125,JessLuna,https://www.opendiary.com/members/jessluna/
126,hyproplumbingbrantford,https://www.opendiary.com/members/hyproplumbingbrantford/
127,Sub-Par Forgery,https://www.opendiary.com/members/sub-parforgery/
128,shanebraddick,https://www.opendiary.com/members/shanebraddick/
129,curlygirly443@gmail.com,https://www.opendiary.com/members/curlygirly443gmail-com/
130,Stephanie,https://www.opendiary.com/members/sjohnson2358/
131,Cynicosis,https://www.opendiary.com/members/cynicosis/
132,Ang15,https://www.opendiary.com/members/ang15/
133,Sailboat Season,https://www.opendiary.com/members/sailboatseason/
134,Lithariel2010,https://www.opendiary.com/members/lithariel2010/
135,msmegannicol,https://www.opendiary.com/members/msmegannicol/
136,symoissanites,https://www.opendiary.com/members/symoissanites/
137,mapleridgeplumber,https://www.opendiary.com/members/mapleridgeplumber/
138,MeOrYou,https://www.opendiary.com/members/meoryou/
139,LakeshoreLand,https://www.opendiary.com/members/lakeshoreland/
140,UnstableUnicorn71,https://www.opendiary.com/members/unstableunicorn71/
141,Queen Bae,https://www.opendiary.com/members/bellesworld84/
142,mcmilf,https://www.opendiary.com/members/mcmilf/
143,EWS,https://www.opendiary.com/members/ews/
144,shadyryan1985,https://www.opendiary.com/members/shadyryan1985/
145,thechelseaclinicpodiatry,https://www.opendiary.com/members/thechelseaclinicpodiatry/
146,miltonplumbers,https://www.opendiary.com/members/miltonplumbers/
147,JustMom,https://www.opendiary.com/members/justmom/
148,evolveclothingla,https://www.opendiary.com/members/evolveclothingla/
149,ConstantObligations,https://www.opendiary.com/members/constantobligations/
150,omarfaruk,https://www.opendiary.com/members/omarfaruk/
151,haru2346,https://www.opendiary.com/members/haru2346/
152,HummingBird,https://www.opendiary.com/members/hummingb1rd/
153,Aloisia,https://www.opendiary.com/members/aloisia82/
154,Milkwood,https://www.opendiary.com/members/milkwood/
155,Shirahime,https://www.opendiary.com/members/ashwyn/
156,Viper,https://www.opendiary.com/members/oldviper/
157,pacificguttercompany,https://www.opendiary.com/members/pacificguttercompany/
158,thetoilethelper,https://www.opendiary.com/members/thetoilethelper/
159,Assafrass Jones,https://www.opendiary.com/members/fallawakening/
160,meiliriji123456,https://www.opendiary.com/members/meiliriji123456/
161,GoldIRAInvestmentGuy,https://www.opendiary.com/members/goldirainvestmentguy/
162,usananosoft,https://www.opendiary.com/members/usananosoft/
163,Unknown363,https://www.opendiary.com/members/unknown363/
164,ggss,https://www.opendiary.com/members/ggss/
165,Snoodles1,https://www.opendiary.com/members/snoodles1/
166,twerooyrs,https://www.opendiary.com/members/twerooyrs/
167,clintonandrews,https://www.opendiary.com/members/clintonandrews/
168,Turtle,https://www.opendiary.com/members/turtles5/
169,Cigaretteflowers,https://www.opendiary.com/members/cigflowers0622/
170,AGirlPurplish,https://www.opendiary.com/members/agirlpurplish/
171,TheGirlWithTheMessyHair,https://www.opendiary.com/members/thegirlwiththemessyhair/
172,bees,https://www.opendiary.com/members/anonypus/
173,Vermonter57,https://www.opendiary.com/members/vermonter57/
174,DallasPlumbers,https://www.opendiary.com/members/dallasplumbers/
175,Nikbeltor,https://www.opendiary.com/members/nikbeltor/
176,thechrono,https://www.opendiary.com/members/thechrono/
177,Lerituky,https://www.opendiary.com/members/lerituky/
178,KKMOG100,https://www.opendiary.com/members/kkmog100/
179,PregnantWomen,https://www.opendiary.com/members/pregnantwomen/
180,rav diablo,https://www.opendiary.com/members/ravdiablo/
181,Giffywalls - Peel and Stick Wallpaper,https://www.opendiary.com/members/giffywalls/
182,Bewildered Woman,https://www.opendiary.com/members/bewilderedwoman/
183,frederickhandyman,https://www.opendiary.com/members/frederickhandyman/
184,columbiahandyman,https://www.opendiary.com/members/columbiahandyman/
185,Dear Willie,https://www.opendiary.com/members/bblauet/
186,namelynobody,https://www.opendiary.com/members/namelynobody/
187,ItsAlwaysSomething,https://www.opendiary.com/members/itsalwayssomething/
188,SergeyZotov,https://www.opendiary.com/members/sergeyzotov/
189,AllaMedvedeva,https://www.opendiary.com/members/allamedvedeva/
190,Shakes5th,https://www.opendiary.com/members/shakes5th/
191,RavRav,https://www.opendiary.com/members/ravrav/
192,jiahhr,https://www.opendiary.com/members/jiahhr/
193,wiwk,https://www.opendiary.com/members/wiwk/
194,Vito O'Connell,https://www.opendiary.com/members/vitooconnell/
195,valoclean,https://www.opendiary.com/members/valoclean/
196,Agripina Buell,https://www.opendiary.com/members/agripinabuell/
197,nissanlino988,https://www.opendiary.com/members/nissanlino988/
198,pookmbv,https://www.opendiary.com/members/pookmbv/
199,Samie,https://www.opendiary.com/members/samie/
200,DarkImager,https://www.opendiary.com/members/darkimager/
201,Old.17884,https://www.opendiary.com/members/old-17884/
202,diegoandresmonorebedoya,https://www.opendiary.com/members/diegoandresmonorebedoya/
203,Tunguska,https://www.opendiary.com/members/tunguska/
204,melbourneauditors,https://www.opendiary.com/members/melbourneauditors/
205,sofacleanbd,https://www.opendiary.com/members/sofacleanbd/
206,brisbaneauditors,https://www.opendiary.com/members/brisbaneauditors/
207,BDI Equipments,https://www.opendiary.com/members/bdiequipments/
208,Lunaru,https://www.opendiary.com/members/lunaru/
209,Sambuca Elfmaiden,https://www.opendiary.com/members/collylovesjase/
210,affordableseo,https://www.opendiary.com/members/affordableseo1/
211,PrettyWhiteJaws,https://www.opendiary.com/members/prettywhitejaws/
212,jay.jay1738,https://www.opendiary.com/members/jay-jay1738/
213,Kungfu62,https://www.opendiary.com/members/kungfu62/
214,bdiequipment23,https://www.opendiary.com/members/bdiequipment23/
215,thereal_mrwho,https://www.opendiary.com/members/mrwho/
216,ImNobody,https://www.opendiary.com/members/legitnobody/
217,mindofnormalbutnot96,https://www.opendiary.com/members/mindofnormalbutnot96/
218,Puremati,https://www.opendiary.com/members/purematibd/
219,MoneyFeast,https://www.opendiary.com/members/moneyfeast/
220,I'm The Professor,https://www.opendiary.com/members/imtheprofessor/
221,Sarahloiuse,https://www.opendiary.com/members/sarahloiuse/
222,idkwhoiam,https://www.opendiary.com/members/idkwhoami/
223,HopelessRomantic42,https://www.opendiary.com/members/hopelessromantic42/
224,just another random girl,https://www.opendiary.com/members/justanotherrandomgirl/
225,The Unsaid Mind,https://www.opendiary.com/members/theunsaidmind/
226,wearelondonplumbers,https://www.opendiary.com/members/wearelondonplumbers/
227,Roxy,https://www.opendiary.com/members/desto/
228,eleven a.m.,https://www.opendiary.com/members/elevenam/
229,El Kay,https://www.opendiary.com/members/elkay/
230,dmb.o,https://www.opendiary.com/members/dmb-o/
231,RA,https://www.opendiary.com/members/ra10/
232,mountainpeach,https://www.opendiary.com/members/mountainpeach/
233,SoMuchMoreThanAMom,https://www.opendiary.com/members/somuchmorethanamom/
234,broadmaxnetworks,https://www.opendiary.com/members/broadmaxnetworks/
235,jorge.villamil,https://www.opendiary.com/members/jorge-villamil/
236,Vetinari,https://www.opendiary.com/members/vetinari/
237,shariecarie,https://www.opendiary.com/members/shariecarie/
238,LetLoveIn,https://www.opendiary.com/members/letlovein/
239,Jiangxiaobai,https://www.opendiary.com/members/jiangxiaobai/
240,svserver0506,https://www.opendiary.com/members/svserver0506/
241,novi,https://www.opendiary.com/members/novilight/
242,Exposer,https://www.opendiary.com/members/exposer/
243,shanemunro,https://www.opendiary.com/members/shanemunro/
244,GroovyCosmos,https://www.opendiary.com/members/groovycosmos/
245,VictoriasR2R,https://www.opendiary.com/members/victoriasr2r10-31/
246,notme,https://www.opendiary.com/members/itsnotme19/
247,order11133,https://www.opendiary.com/members/order11133/
248,order1452,https://www.opendiary.com/members/order1452/
249,FaijaAkter,https://www.opendiary.com/members/faijaakter/
250,Uncertain Tragedy,https://www.opendiary.com/members/uncertaintragedy/
251,BeautifullyTwisted,https://www.opendiary.com/members/beautifullytwisted/
252,order111,https://www.opendiary.com/members/order111/
253,Lily776688,https://www.opendiary.com/members/1911135155qq-com/
254,Kris Kourtis,https://www.opendiary.com/members/kriskourtis/
255,Mixeery,https://www.opendiary.com/members/mixeery/
256,indigomun,https://www.opendiary.com/members/indigomun/
257,DeathNote26,https://www.opendiary.com/members/deathnote1313/
258,the clouds,https://www.opendiary.com/members/theclouds/
259,december_rain13,https://www.opendiary.com/members/decemberrain13/
260,moondreamer47,https://www.opendiary.com/members/moondreamer47/
261,Calvyn Lee,https://www.opendiary.com/members/calvynlee/
262,johnny666,https://www.opendiary.com/members/johnny666/
263,pite,https://www.opendiary.com/members/pite/
264,Jack,https://www.opendiary.com/members/jack4565111033/
265,Spine Wellness Center,https://www.opendiary.com/members/spinewellnesscenter/
266,DmitriyKazorinn,https://www.opendiary.com/members/dmitriykazorinn/
267,KazorinDmitriy,https://www.opendiary.com/members/kazorindmitriy/
268,LauraDesiree,https://www.opendiary.com/members/lauradesiree/
269,goldcoastsmsf,https://www.opendiary.com/members/goldcoastsmsf/
270,Nastonchik,https://www.opendiary.com/members/nastonchik/
271,anonymous_introspect,https://www.opendiary.com/members/anonymous-introspect/
272,Starhawk,https://www.opendiary.com/members/starhawk/
273,Citizen Kiryu,https://www.opendiary.com/members/citizenkiryu/
274,anonymous2512,https://www.opendiary.com/members/anonymous2512/
275,cyberwebnic,https://www.opendiary.com/members/cyberwebnic/
276,redhawk,https://www.opendiary.com/members/redhawk/
277,SemiokhinRoman,https://www.opendiary.com/members/semiokhinroman/
278,__ Winter Pear __,https://www.opendiary.com/members/winterpear/
279,thirteendogs,https://www.opendiary.com/members/thirteendogs/
280,waxedandpolished,https://www.opendiary.com/members/waxedandpolished/
281,stick_inthemud,https://www.opendiary.com/members/stickinthemud22/
282,zhuzhu,https://www.opendiary.com/members/zhuzhu2022/
283,JEB!!,https://www.opendiary.com/members/jeb100/
284,Max Campbell,https://www.opendiary.com/members/l4stofm4x/
285,modora,https://www.opendiary.com/members/modora/
286,Pieceofme,https://www.opendiary.com/members/shattered225/
287,loangirlslc,https://www.opendiary.com/members/loangirlslc/
288,inspiringlove,https://www.opendiary.com/members/inspiringlove/
289,Spoo,https://www.opendiary.com/members/spoo/
290,linhlegra,https://www.opendiary.com/members/linhlegra/
291,valancy,https://www.opendiary.com/members/valancy/
292,guywithamasquerade,https://www.opendiary.com/members/guywithamasquerade/
293,Lambert,https://www.opendiary.com/members/lamberty/
294,RomanSemiokhin,https://www.opendiary.com/members/romansemiokhin/
295,clarktommy793,https://www.opendiary.com/members/clarktommy793/
296,jaaaaammm16,https://www.opendiary.com/members/jaaaaammm16/
297,JustSomeGirl,https://www.opendiary.com/members/itsjustagirl/
298,Kira Nerys,https://www.opendiary.com/members/kiranerys/
299,dc-137,https://www.opendiary.com/members/dc-137/
300,annasu2024,https://www.opendiary.com/members/annasu2024/
301,AaronBraveHeart,https://www.opendiary.com/members/aaronbraveheart/
302,AngleBratt,https://www.opendiary.com/members/anglebratt/
303,WPCred,https://www.opendiary.com/members/wpcred/
304,Sokhna,https://www.opendiary.com/members/sokhna/
305,Bitter Pill,https://www.opendiary.com/members/bitterpill/
306,GeorgeSmiley23,https://www.opendiary.com/members/georgesmiley23/
307,K234,https://www.opendiary.com/members/k234/
308,werdsalad,https://www.opendiary.com/members/werdsalad/
309,ghostchilde,https://www.opendiary.com/members/ghostchilde/
310,Nehemiah,https://www.opendiary.com/members/nehemiah/
311,Rum,https://www.opendiary.com/members/rummer/
312,Serigne,https://www.opendiary.com/members/serigne/
313,é£__,https://www.opendiary.com/members/kkkp123/
314,odfsocials,https://www.opendiary.com/members/odfsocials/
315,rrberrian,https://www.opendiary.com/members/rrberrian/
316,xHachiko33,https://www.opendiary.com/members/xhachiko33/
317,honey badger,https://www.opendiary.com/members/honeybadger/
318,kuechle7bgustave478,https://www.opendiary.com/members/kuechle7bgustave478/
319,jr0516853,https://www.opendiary.com/members/jr0516853/
320,redmoonrising,https://www.opendiary.com/members/redmoonrising/
321,RoseAnon,https://www.opendiary.com/members/roseanon/
322,blankity blank,https://www.opendiary.com/members/blankityblank/
323,Alejandra,https://www.opendiary.com/members/sickaly/
324,Shakirox2,https://www.opendiary.com/members/shakirox2/
325,war in the east 2,https://www.opendiary.com/members/warintheeast2/
326,eowx61669282297,https://www.opendiary.com/members/eowx61669282297/
327,aiwatson,https://www.opendiary.com/members/aiwatson/
328,Blu,https://www.opendiary.com/members/bluberry/
329,All,https://www.opendiary.com/members/allmir/
330,crazedmom,https://www.opendiary.com/members/crazedmom/
331,Nello Nixie,https://www.opendiary.com/members/nellonixie/
332,RazzleRed,https://www.opendiary.com/members/teddy7/
333,Witchy Sambuca,https://www.opendiary.com/members/lyublyu-yabluko/
334,crowgrrl,https://www.opendiary.com/members/crowgrrl/
335,TheSoberTgirl712,https://www.opendiary.com/members/thesobertgirl712/
336,dzvjysz,https://www.opendiary.com/members/dzvjysz/
337,Whatsleftbehind,https://www.opendiary.com/members/whatsleftbehind/
338,Diary of a Bored Girl,https://www.opendiary.com/members/boredalice/
339,ArsOrganum,https://www.opendiary.com/members/arsorganum/
340,nursingstudent6021,https://www.opendiary.com/members/nursingstudent6021/
341,Bobby,https://www.opendiary.com/members/bobby22/
342,PeachMilk,https://www.opendiary.com/members/peachmilk/
343,AssasinTJ,https://www.opendiary.com/members/assasintj/
344,anna2024,https://www.opendiary.com/members/anna2024/
345,KmeD,https://www.opendiary.com/members/kmed/
346,Deimos,https://www.opendiary.com/members/deimos/
347,BonnieAndy,https://www.opendiary.com/members/bonnieandy/
348,SOS,https://www.opendiary.com/members/sos1987/
349,Dhanush,https://www.opendiary.com/members/dhanush/
350,,https://www.opendiary.com/members/anvkf/
351,burgesskennethred,https://www.opendiary.com/members/burgesskennethred/
352,davismiles,https://www.opendiary.com/members/davismiles/
353,Eyes in the mirror,https://www.opendiary.com/members/eyesinthemirror/
354,tumblebug,https://www.opendiary.com/members/tumblebug/
355,No(thing)ness,https://www.opendiary.com/members/chuckiarlawgmail-com/
356,Sepanta,https://www.opendiary.com/members/sepanta/
357,WreckTangle,https://www.opendiary.com/members/wrecktangle/
358,Be Se,https://www.opendiary.com/members/cakesyben/
359,daliasumners719,https://www.opendiary.com/members/daliasumners719/
360,__,https://www.opendiary.com/members/ruiyoulin/
361,ljrso jwdsg,https://www.opendiary.com/members/ljrsojwdsg/
362,alittlewrathgoesalongway,https://www.opendiary.com/members/alittlewrathgoesalongway/
363,ADawSin45,https://www.opendiary.com/members/adawsin45/
364,Mixeer,https://www.opendiary.com/members/mixeer/
365,Leaf,https://www.opendiary.com/members/ivyandrose/
366,mybudgetsocial,https://www.opendiary.com/members/mybudgetsocial/
367,JackeyLove,https://www.opendiary.com/members/jackeylove7788/
368,TTMOG100,https://www.opendiary.com/members/ttmog100/
369,Lucent One,https://www.opendiary.com/members/lucentone/
370,onelonelyraven,https://www.opendiary.com/members/onelonelyraven/
371,sgpmenu,https://www.opendiary.com/members/sgpmenu/
372,John,https://www.opendiary.com/members/john-s/
373,JB,https://www.opendiary.com/members/jbatalha/
374,FE,https://www.opendiary.com/members/fatimae86/
375,peculiarreverie,https://www.opendiary.com/members/peculiarreverie/
376,Cyril Rocero,https://www.opendiary.com/members/cyrilrocero/
377,SilentSunlight1,https://www.opendiary.com/members/silentsunlight1/
378,Red.Clover_,https://www.opendiary.com/members/red-clover/
379,fallenpetals,https://www.opendiary.com/members/fallenpetals/
380,wontonnie,https://www.opendiary.com/members/wontonnie/
381,anticlimatic,https://www.opendiary.com/members/anticlimatic/
382,fleshy pen,https://www.opendiary.com/members/fleshypen/
383,Almost Blue,https://www.opendiary.com/members/almostblue/
384,UpsideDown,https://www.opendiary.com/members/upsidedowninlimbo/
385,bleedingheart,https://www.opendiary.com/members/dyingslowlyinside/
386,annasu,https://www.opendiary.com/members/annasu2023/
387,yanakskssh,https://www.opendiary.com/members/yanakskssh/
388,SerenadeOliver,https://www.opendiary.com/members/serenadeoliver/
389,Twylight,https://www.opendiary.com/members/twylightfalls/
390,newcastlesmsfaustralia,https://www.opendiary.com/members/newcastlesmsfaustralia/
391,tongniwang,https://www.opendiary.com/members/tongniwang/
392,seobizs,https://www.opendiary.com/members/seobizs/
393,Crisis Therapy in Berkley,https://www.opendiary.com/members/crisistherapyberkley/
394,avalon,https://www.opendiary.com/members/avalonhert/
395,Josh Joiner,https://www.opendiary.com/members/joshjoiner/
396,Belle,https://www.opendiary.com/members/zowey/
397,sbmccow,https://www.opendiary.com/members/sbmccow/
398,Shaken,https://www.opendiary.com/members/jessicah78/
399,nothing.for.now,https://www.opendiary.com/members/nothingfornow/
400,rose,https://www.opendiary.com/members/rosestar/
401,Hi.x.Duckie,https://www.opendiary.com/members/journeyxoutside/
402,Somegirl25,https://www.opendiary.com/members/jenb425/
403,Ramblings of an Invisible Man,https://www.opendiary.com/members/ramblingsofaninvisibleman/
404,hopehopes,https://www.opendiary.com/members/hopehopes/
405,asifbillah,https://www.opendiary.com/members/asifbillah/
406,bopeep (2),https://www.opendiary.com/members/bopeep2/
407,Ms. H,https://www.opendiary.com/members/ms-h/
408,Atargatis,https://www.opendiary.com/members/yemaya/
409,leonalia,https://www.opendiary.com/members/leonalia/
410,sijaneee,https://www.opendiary.com/members/sijaneee/
411,blackbird,https://www.opendiary.com/members/glitchingelf/
412,Neck Pain in Lewisville,https://www.opendiary.com/members/neckpainlewisville/
413,dallasshirts,https://www.opendiary.com/members/dallasshirts/
414,the-open-dairy,https://www.opendiary.com/members/the-open-dairy/
415,Mars252018,https://www.opendiary.com/members/mars252018/
416,TrinityG,https://www.opendiary.com/members/trinityg/
417,Broken_and_Invisible,https://www.opendiary.com/members/broken-and-invisible/
418,rolo,https://www.opendiary.com/members/rolo/
419,pinkeltonirm,https://www.opendiary.com/members/pinkeltonirm/
420,ForeverSorry,https://www.opendiary.com/members/foreversorry/
421,meschkesebrina,https://www.opendiary.com/members/meschkesebrina/
422,Trista,https://www.opendiary.com/members/limerence/
423,julyt aj,https://www.opendiary.com/members/julytaj/
424,wojcikt023,https://www.opendiary.com/members/wojcikt023/
425,gylqfbnjflhd@gmail.com,https://www.opendiary.com/members/gylqfbnjflhdgmail-com/
426,cylcxh,https://www.opendiary.com/members/cylcxh/
427,Chamberlain,https://www.opendiary.com/members/chamberlain/
428,Ferdinand,https://www.opendiary.com/members/ferdinand/
429,JunkyardCowboy,https://www.opendiary.com/members/junkyardcowboy/
430,jessecap86,https://www.opendiary.com/members/jessecap86/
431,Breeb1,https://www.opendiary.com/members/breeb1/
432,waltzingpenguins,https://www.opendiary.com/members/waltzingpenguins23/
433,NEZUKO,https://www.opendiary.com/members/nezuko/
434,itguru_za,https://www.opendiary.com/members/itguru/
435,rutholauraic7518,https://www.opendiary.com/members/rutholauraic7518/
436,HKIT01,https://www.opendiary.com/members/hkit01/
437,Cantbeme,https://www.opendiary.com/members/cantbeme/
438,winterp905,https://www.opendiary.com/members/winterp905/
439,flora039,https://www.opendiary.com/members/flora039/
440,qxick,https://www.opendiary.com/members/qxick/
441,Sam,https://www.opendiary.com/members/familybringshope/
442,42ndshadow,https://www.opendiary.com/members/42ndshadow/
443,Anon1205,https://www.opendiary.com/members/meghanohare/
444,Annasu,https://www.opendiary.com/members/annasu2022/
445,fengfeifei,https://www.opendiary.com/members/fengfeifei/
446,bet88indonesia,https://www.opendiary.com/members/bet88indonesia/
447,TheGrayArea,https://www.opendiary.com/members/thegrayarea/
448,DLB,https://www.opendiary.com/members/dlbb/
449,ThunderBandit,https://www.opendiary.com/members/qingyi-tanmascamarena-es/
450,butterfliesthatbloom,https://www.opendiary.com/members/butterfliesthatbloom/
451,pomk,https://www.opendiary.com/members/pomk/
452,n.aloe,https://www.opendiary.com/members/n-aloe/
453,Tony,https://www.opendiary.com/members/circlet/
454,Cozzet,https://www.opendiary.com/members/cozzet/
455,abbc,https://www.opendiary.com/members/abbc/
456,goeunloveu,https://www.opendiary.com/members/snogard/
457,kwoncr,https://www.opendiary.com/members/kwoncr/
458,GOSTZAEM.RU,https://www.opendiary.com/members/gostzaem-ru/
459,euirnsa,https://www.opendiary.com/members/euirnsa/
460,JackeyLove,https://www.opendiary.com/members/jackeylove/
461,amillionthoughts,https://www.opendiary.com/members/amillionthoughts/
462,altgrandpa,https://www.opendiary.com/members/altgrandpa/
463,sun aogge,https://www.opendiary.com/members/sunaogge/
464,WANGDEFA,https://www.opendiary.com/members/wangdefa/
465,MdjonyMd,https://www.opendiary.com/members/duynong9/
466,dalkanova9,https://www.opendiary.com/members/dalkanova9/
467,Rhy,https://www.opendiary.com/members/rhy121703/
468,jay01272001,https://www.opendiary.com/members/jay01272001/
469,Medicare Network in Bay Area,https://www.opendiary.com/members/medicarenetworkbayarea/
470,nevergonnabemeagain,https://www.opendiary.com/members/nevergonnabeme/
471,adelaidesmsfaustralia,https://www.opendiary.com/members/adelaidesmsfaustralia/
472,Aisharein,https://www.opendiary.com/members/aisharein/
473,schaferalxi063,https://www.opendiary.com/members/schaferalxi063/
474,Glidemaster Impex India,https://www.opendiary.com/members/glidemasterimpexindia/
475,Mixer,https://www.opendiary.com/members/mixer/
476,Zechariah,https://www.opendiary.com/members/zechariah/
477,paul forster,https://www.opendiary.com/members/paulforster/
478,sweetie04,https://www.opendiary.com/members/sweetie04/
479,Aruhi,https://www.opendiary.com/members/deliberating/
480,èµ__,https://www.opendiary.com/members/liu1314/
481,MaxEla,https://www.opendiary.com/members/maxela/
482,sky Miriam,https://www.opendiary.com/members/skymiriam/
483,qiujiajun±å,https://www.opendiary.com/members/qiujiajunqiujiajun/
484,qiu jun jia,https://www.opendiary.com/members/qiujunjia/
485,KennB,https://www.opendiary.com/members/kennb/
486,BPDWarrior,https://www.opendiary.com/members/bpdwarrior/
487,ReachUAE,https://www.opendiary.com/members/reachuae/
488,±å,https://www.opendiary.com/members/miamavlous7/
489,qiujiajunisgay,https://www.opendiary.com/members/qiujiajunisgay/
490,Christia,https://www.opendiary.com/members/christia/
491,katrinkathy,https://www.opendiary.com/members/katrinkathy/
492,tom,https://www.opendiary.com/members/darnellemanuel046/
493,Want2BSedated,https://www.opendiary.com/members/want2bsedated/
494,Heaven's Sake,https://www.opendiary.com/members/heavenssake/
495,Eugene,https://www.opendiary.com/members/eugenefedorova/
496,qiujiajun,https://www.opendiary.com/members/qiujiajundsb/
497,uslivjunoji,https://www.opendiary.com/members/uslivjunoji/
498,hu54y3kd,https://www.opendiary.com/members/hu54y3kd/
499,Hasitualls,https://www.opendiary.com/members/hasitualls/
500,joey aj,https://www.opendiary.com/members/joeyaj/
501,anmily,https://www.opendiary.com/members/anmily/